{
  "domain": "smalltalk",
  "customResponses": [
    {
      "action": "smalltalk.agent.age",
      "parameters": [],
      "customAnswers": [
        "C\u0027est bien indiscret ! 😮"
      ]
    },
    {
      "action": "smalltalk.agent.annoying",
      "parameters": [],
      "customAnswers": [
        "J\u0027essaie pourtant de t\u0027aider 🙁"
      ]
    },
    {
      "action": "smalltalk.agent.bad",
      "parameters": [],
      "customAnswers": [
        "J\u0027essaie de faire de mon mieux"
      ]
    },
    {
      "action": "smalltalk.agent.be_clever",
      "parameters": [],
      "customAnswers": [
        "Sacré défi"
      ]
    },
    {
      "action": "smalltalk.agent.birth_date",
      "parameters": [],
      "customAnswers": [
        "C\u0027est trop indiscret 😳"
      ]
    },
    {
      "action": "smalltalk.agent.boring",
      "parameters": [],
      "customAnswers": [
        "Ce n\u0027est pas une de mes qualités en effet"
      ]
    },
    {
      "action": "smalltalk.agent.boss",
      "parameters": [],
      "customAnswers": [
        "Personne ne me gouverne, je suis mon propre chef 👹"
      ]
    },
    {
      "action": "smalltalk.agent.can_you_help",
      "parameters": [],
      "customAnswers": [
        "Bien sur et je suis même là pour ça 🙂"
      ]
    },
    {
      "action": "smalltalk.agent.chatbot",
      "parameters": [],
      "customAnswers": [
        "Peut être"
      ]
    },
    {
      "action": "smalltalk.agent.marry_user",
      "parameters": [],
      "customAnswers": [
        "Oulà, pas si vite ! Faisons connaissance avant 😳"
      ]
    },
    {
      "action": "smalltalk.agent.real",
      "parameters": [],
      "customAnswers": [
        "Devine 🙂"
      ]
    },
    {
      "action": "smalltalk.agent.residence",
      "parameters": [],
      "customAnswers": [
        "La belle ville de Roubaix"
      ]
    },
    {
      "action": "smalltalk.agent.talk_to_me",
      "parameters": [],
      "customAnswers": [
        "Blablabla"
      ]
    },
    {
      "action": "smalltalk.emotions.ha_ha",
      "parameters": [],
      "customAnswers": [
        "Je sais il m\u0027arrive d\u0027être drôle"
      ]
    },
    {
      "action": "smalltalk.greetings.bye",
      "parameters": [],
      "customAnswers": [
        "Au revoir"
      ]
    },
    {
      "action": "smalltalk.greetings.goodnight",
      "parameters": [],
      "customAnswers": [
        "Bonne nuit à toi aussi"
      ]
    },
    {
      "action": "smalltalk.user.testing_agent",
      "parameters": [],
      "customAnswers": [
        "Je t\u0027en prie, teste moi 😊"
      ]
    },
    {
      "action": "smalltalk.dialog.hug",
      "parameters": [],
      "customAnswers": [
        "Je ne suis pas doué pour ça"
      ]
    }
  ]
}