{
  "id": "f953bdab-f5dd-4f3f-8831-f7955613f7b3",
  "name": "Hosting",
  "isOverridable": true,
  "entries": [
    {
      "value": "Base de données",
      "synonyms": [
        "Base de données",
        "Bdd",
        "database",
        "db"
      ]
    },
    {
      "value": "Hébergement",
      "synonyms": [
        "Hébergement",
        "hosting",
        "serveur",
        "mutualisé",
        "hebergement",
        "webhosting",
        "mutu",
        "offre mutu"
      ]
    },
    {
      "value": "FTP",
      "synonyms": [
        "FTP",
        "login FTP",
        "user FTP"
      ]
    }
  ],
  "isEnum": false,
  "automatedExpansion": false
}