{
  "id": "cbfeb843-1197-446f-80a1-29588b0762a4",
  "name": "Hosting",
  "isOverridable": true,
  "entries": [
    {
      "value": "Hosting",
      "synonyms": [
        "Base de données",
        "Bdd",
        "database",
        "db",
        "Hébergement",
        "hosting",
        "serveur",
        "mutualisé",
        "hebergement",
        "webhosting",
        "mutu",
        "offre mutu",
        "FTP",
        "login FTP",
        "user FTP"
      ]
    }
  ],
  "isEnum": false,
  "automatedExpansion": false
}