{
  "id": "1956d06c-df69-469e-a837-fd49d2218803",
  "name": "Hosting",
  "isOverridable": true,
  "entries": [
    {
      "value": "Hosting",
      "synonyms": [
        "Base de données",
        "Bdd",
        "database",
        "db",
        "Hébergement",
        "hosting",
        "serveur",
        "mutualisé",
        "hebergement",
        "webhosting",
        "mutu",
        "offre mutu",
        "FTP",
        "login FTP",
        "user FTP"
      ]
    }
  ],
  "isEnum": false,
  "automatedExpansion": false
}