{
  "id": "e37fc598-3a80-4026-b6cc-76fb9fb9d01f",
  "name": "Telephone",
  "isOverridable": true,
  "entries": [
    {
      "value": "téléphone",
      "synonyms": [
        "téléphone",
        "telephone",
        "phone",
        "fixe",
        "tube",
        "tel"
      ]
    },
    {
      "value": "téléphoner",
      "synonyms": [
        "téléphoner"
      ]
    },
    {
      "value": "téléphonique",
      "synonyms": [
        "téléphonique"
      ]
    },
    {
      "value": "téléphoner",
      "synonyms": [
        "téléphoner"
      ]
    }
  ],
  "isEnum": false,
  "automatedExpansion": true
}